{
    "eye_centre": [
        [
            -199.73068728106492
        ],
        [
            131.11776730134466
        ],
        [
            3333.3333333333335
        ]
    ],
    "aver_eye_radius": 1303.5717593465024
}