{
    "eye_centre": [
        [
            78.16231950882013
        ],
        [
            544.6742926102464
        ],
        [
            6289.320754704403
        ]
    ],
    "aver_eye_radius": 734.324994894432
}